Coordinates		
0	(48.7435,	6.20295)
1	(48.541,	7.64312)
2	(49.1186,	7.08707)
3	(48.8089,	7.23676)
4	(48.6214,	6.09068)
5	(49.0577,	6.75948)
6	(49.1296,	5.89499)
7	(49.412,	6.86834)
8	(49.1301,	5.83703)
9	(49.1353,	6.42332)
10	(48.9635,	6.08812)
